motif_id,motif_alt_id,sequence_name,,start,stop,strand,score,p-value,q-value,matched_sequence
TTTAGGCHDRCCTAAAANAW,MEME-1,HVO_RS00125,HVO_RS00125,271,290,+,-3.72917,7.40E-05,0.814,ATGTGTGTAATCTAAAACCG
TTTAGGCHDRCCTAAAANAW,MEME-1,HVO_RS00220,HVO_RS00220,389,408,+,31.8958,2.11E-11,1.42E-05,TTTAGGCCGGCCTAAAACAT
TTTAGGCHDRCCTAAAANAW,MEME-1,HVO_RS00220,HVO_RS00220,385,404,-,29.2604,2.21E-10,4.20E-05,TTTAGGCCGGCCTAAAAGCA
TTTAGGCHDRCCTAAAANAW,MEME-1,HVO_RS00220,HVO_RS00220,76,95,-,24.5208,4.27E-09,0.000348,TTTAGGATAGCCTAAAATAT
TTTAGGCHDRCCTAAAANAW,MEME-1,HVO_RS00220,HVO_RS00220,80,99,+,23.2083,8.28E-09,0.000513,TTTAGGCTATCCTAAAAATA
TTTAGGCHDRCCTAAAANAW,MEME-1,HVO_RS00225,HVO_RS00225,69,88,+,25.7604,2.19E-09,0.000234,TTTAGGGAGGCCTAAAAGAC
TTTAGGCHDRCCTAAAANAW,MEME-1,HVO_RS00225,HVO_RS00225,29,48,-,18.5521,6.41E-08,0.00244,TTTAGGCGAGCCTAACTACC
TTTAGGCHDRCCTAAAANAW,MEME-1,HVO_RS00225,HVO_RS00225,65,84,-,16.3125,1.56E-07,0.00568,TTTAGGCCTCCCTAAATGGT
TTTAGGCHDRCCTAAAANAW,MEME-1,HVO_RS00225,HVO_RS00225,33,52,+,13.3854,4.60E-07,0.0155,GTTAGGCTCGCCTAAATTCC
TTTAGGCHDRCCTAAAANAW,MEME-1,HVO_RS00350,HVO_RS00350,161,180,-,-3,6.16E-05,0.766,CTGTGGGTGGCGTAAACGAA
TTTAGGCHDRCCTAAAANAW,MEME-1,HVO_RS00395,HVO_RS00395,660,679,-,-1.89583,4.65E-05,0.665,CGTATAGTAACCTAAAACAA
TTTAGGCHDRCCTAAAANAW,MEME-1,HVO_RS00400,HVO_RS00400,68,87,+,-1.89583,4.65E-05,0.665,CGTATAGTAACCTAAAACAA
TTTAGGCHDRCCTAAAANAW,MEME-1,HVO_RS00455,HVO_RS00455,10,29,+,-4.05208,8.02E-05,0.814,TTTCGTCTCGTCTTATCTAA
TTTAGGCHDRCCTAAAANAW,MEME-1,HVO_RS00460,HVO_RS00460,86,105,-,-4.05208,8.02E-05,0.814,TTTCGTCTCGTCTTATCTAA
TTTAGGCHDRCCTAAAANAW,MEME-1,HVO_RS00695,HVO_RS00695,232,251,-,30.4896,8.04E-11,2.14E-05,TTTAGGCTGGCCTAAATAAT
TTTAGGCHDRCCTAAAANAW,MEME-1,HVO_RS00695,HVO_RS00695,236,255,+,27.4375,7.91E-10,0.000104,TTTAGGCCAGCCTAAACATA
TTTAGGCHDRCCTAAAANAW,MEME-1,HVO_RS00700,HVO_RS00700,275,294,+,30.4896,8.04E-11,2.14E-05,TTTAGGCTGGCCTAAATAAT
TTTAGGCHDRCCTAAAANAW,MEME-1,HVO_RS00700,HVO_RS00700,271,290,-,27.4375,7.91E-10,0.000104,TTTAGGCCAGCCTAAACATA
TTTAGGCHDRCCTAAAANAW,MEME-1,HVO_RS00725,HVO_RS00725,357,376,-,29.8021,1.43E-10,2.92E-05,TTTAGGCAGGCCAAAAATAT
TTTAGGCHDRCCTAAAANAW,MEME-1,HVO_RS00725,HVO_RS00725,397,416,+,24.3021,4.80E-09,0.000348,TTTAGGTGAGCCTAAACCAT
TTTAGGCHDRCCTAAAANAW,MEME-1,HVO_RS00725,HVO_RS00725,393,412,-,24.2917,4.83E-09,0.000348,TTTAGGCTCACCTAAATACG
TTTAGGCHDRCCTAAAANAW,MEME-1,HVO_RS00725,HVO_RS00725,361,380,+,22.625,1.10E-08,0.000621,TTTTGGCCTGCCTAAAATTC
TTTAGGCHDRCCTAAAANAW,MEME-1,HVO_RS00725,HVO_RS00725,358,377,-,-4.57292,9.12E-05,0.814,TTTTAGGCAGGCCAAAAATA
TTTAGGCHDRCCTAAAANAW,MEME-1,HVO_RS00730,HVO_RS00730,221,240,+,29.8021,1.43E-10,2.92E-05,TTTAGGCAGGCCAAAAATAT
TTTAGGCHDRCCTAAAANAW,MEME-1,HVO_RS00730,HVO_RS00730,181,200,-,24.3021,4.80E-09,0.000348,TTTAGGTGAGCCTAAACCAT
TTTAGGCHDRCCTAAAANAW,MEME-1,HVO_RS00730,HVO_RS00730,185,204,+,24.2917,4.83E-09,0.000348,TTTAGGCTCACCTAAATACG
TTTAGGCHDRCCTAAAANAW,MEME-1,HVO_RS00730,HVO_RS00730,217,236,-,22.625,1.10E-08,0.000621,TTTTGGCCTGCCTAAAATTC
TTTAGGCHDRCCTAAAANAW,MEME-1,HVO_RS00730,HVO_RS00730,220,239,+,-4.57292,9.12E-05,0.814,TTTTAGGCAGGCCAAAAATA
TTTAGGCHDRCCTAAAANAW,MEME-1,HVO_RS00740,HVO_RS00740,278,297,+,-4.03125,7.98E-05,0.814,CTTCCGCTGGCCTACTTCCA
TTTAGGCHDRCCTAAAANAW,MEME-1,HVO_RS00740,HVO_RS00740,51,70,+,-4.32292,8.57E-05,0.814,CTTAAGGGGGCCAGAACGAT
TTTAGGCHDRCCTAAAANAW,MEME-1,HVO_RS00775,HVO_RS00775,19,38,+,-2.34375,5.21E-05,0.697,ATTGGGGCAACTCAAAATCA
TTTAGGCHDRCCTAAAANAW,MEME-1,HVO_RS00775,HVO_RS00775,20,39,+,-4.44792,8.84E-05,0.814,TTGGGGCAACTCAAAATCAA
TTTAGGCHDRCCTAAAANAW,MEME-1,HVO_RS00920,HVO_RS00920,170,189,-,-1.9375,4.70E-05,0.669,ATTAGACATCTCAAATTCTA
TTTAGGCHDRCCTAAAANAW,MEME-1,HVO_RS00975,HVO_RS00975,981,1000,+,30.7083,6.73E-11,2.14E-05,TTTAGGCAGGCCTAAATAAT
TTTAGGCHDRCCTAAAANAW,MEME-1,HVO_RS00975,HVO_RS00975,941,960,-,21.4375,1.88E-08,0.000961,TTTAGGCAACCCTAATAACG
TTTAGGCHDRCCTAAAANAW,MEME-1,HVO_RS00975,HVO_RS00975,977,996,-,20.3229,3.06E-08,0.00136,TTTAGGCCTGCCTAAAGACA
TTTAGGCHDRCCTAAAANAW,MEME-1,HVO_RS00975,HVO_RS00975,945,964,+,18.9688,5.41E-08,0.00215,ATTAGGGTTGCCTAAACTTC
TTTAGGCHDRCCTAAAANAW,MEME-1,HVO_RS00975,HVO_RS00975,255,274,+,-2.23958,5.08E-05,0.689,ATTTGGATTATCTACAATAT
TTTAGGCHDRCCTAAAANAW,MEME-1,HVO_RS00980,HVO_RS00980,532,551,-,-2.23958,5.08E-05,0.689,ATTTGGATTATCTACAATAT
TTTAGGCHDRCCTAAAANAW,MEME-1,HVO_RS00980,HVO_RS00980,882,901,-,-4.42708,8.79E-05,0.814,TGTCGAGTTATCTAAATTAT
TTTAGGCHDRCCTAAAANAW,MEME-1,HVO_RS00985,HVO_RS00985,805,824,-,-0.260417,3.03E-05,0.506,TTTAGACTCGCCCAACTTCG
TTTAGGCHDRCCTAAAANAW,MEME-1,HVO_RS00985,HVO_RS00985,809,828,+,-1.95833,4.72E-05,0.669,GTTGGGCGAGTCTAAATATT
TTTAGGCHDRCCTAAAANAW,MEME-1,HVO_RS01105,HVO_RS01105,235,254,+,8.45833,2.40E-06,0.0687,GTTCGGCCCACCAAAATATT
TTTAGGCHDRCCTAAAANAW,MEME-1,HVO_RS01115,HVO_RS01115,32,51,-,-4.23958,8.40E-05,0.814,ATTAGTCACGGAAAATAGTT
TTTAGGCHDRCCTAAAANAW,MEME-1,HVO_RS01120,HVO_RS01120,160,179,+,-4.23958,8.40E-05,0.814,ATTAGTCACGGAAAATAGTT
TTTAGGCHDRCCTAAAANAW,MEME-1,HVO_RS01535,HVO_RS01535,93,112,-,-0.145833,2.93E-05,0.498,CGTTGGCATACCTCAATATT
TTTAGGCHDRCCTAAAANAW,MEME-1,HVO_RS01545,HVO_RS01545,316,335,+,-2.20833,5.04E-05,0.689,TCCAGGCTGCCATAAATTAT
TTTAGGCHDRCCTAAAANAW,MEME-1,HVO_RS01550,HVO_RS01550,149,168,-,-2.20833,5.04E-05,0.689,TCCAGGCTGCCATAAATTAT
TTTAGGCHDRCCTAAAANAW,MEME-1,HVO_RS01570,HVO_RS01570,182,201,-,3.07292,1.21E-05,0.265,TTTCGGCAAATCCAACATTT
TTTAGGCHDRCCTAAAANAW,MEME-1,HVO_RS01575,HVO_RS01575,5,24,+,3.07292,1.21E-05,0.265,TTTCGGCAAATCCAACATTT
TTTAGGCHDRCCTAAAANAW,MEME-1,HVO_RS01855,HVO_RS01855,29,48,-,-2.52083,5.46E-05,0.705,ATTGGTTATGCCAAAAGGTA
TTTAGGCHDRCCTAAAANAW,MEME-1,HVO_RS01860,HVO_RS01860,127,146,+,-2.52083,5.46E-05,0.705,ATTGGTTATGCCAAAAGGTA
TTTAGGCHDRCCTAAAANAW,MEME-1,HVO_RS01935,HVO_RS01935,400,419,+,2.66667,1.36E-05,0.284,AGTAGGTAACCCTCAAATTA
TTTAGGCHDRCCTAAAANAW,MEME-1,HVO_RS01935,HVO_RS01935,241,260,-,-3.33333,6.70E-05,0.796,TGTCGGTTGACCTCAACGAG
TTTAGGCHDRCCTAAAANAW,MEME-1,HVO_RS01940,HVO_RS01940,247,266,-,2.66667,1.36E-05,0.284,AGTAGGTAACCCTCAAATTA
TTTAGGCHDRCCTAAAANAW,MEME-1,HVO_RS01940,HVO_RS01940,406,425,+,-3.33333,6.70E-05,0.796,TGTCGGTTGACCTCAACGAG
TTTAGGCHDRCCTAAAANAW,MEME-1,HVO_RS02040,HVO_RS02040,303,322,+,0.479167,2.48E-05,0.44,TTTTGGCAGACAACAACCCA
TTTAGGCHDRCCTAAAANAW,MEME-1,HVO_RS02115,HVO_RS02115,13,32,-,4.60417,7.77E-06,0.185,CTTAGGGAGGCGAAATAGAC
TTTAGGCHDRCCTAAAANAW,MEME-1,HVO_RS02115,HVO_RS02115,17,36,+,-4.03125,7.98E-05,0.814,ATTTCGCCTCCCTAAGAGCG
TTTAGGCHDRCCTAAAANAW,MEME-1,HVO_RS02195,HVO_RS02195,125,144,+,-3.70833,7.36E-05,0.814,AAACGGTACACCTAAACAAA
TTTAGGCHDRCCTAAAANAW,MEME-1,HVO_RS02200,HVO_RS02200,37,56,-,-3.70833,7.36E-05,0.814,AAACGGTACACCTAAACAAA
TTTAGGCHDRCCTAAAANAW,MEME-1,HVO_RS02245,HVO_RS02245,224,243,+,2.97917,1.24E-05,0.266,ATTCGGGAGACATATAATTA
TTTAGGCHDRCCTAAAANAW,MEME-1,HVO_RS02290,HVO_RS02290,153,172,+,1,2.15E-05,0.398,CATTGGCATCCCTAATATCC
TTTAGGCHDRCCTAAAANAW,MEME-1,HVO_RS02365,HVO_RS02365,50,69,-,4.80208,7.33E-06,0.179,TTTGGGCGGCGCAAAAACAA
TTTAGGCHDRCCTAAAANAW,MEME-1,HVO_RS02365,HVO_RS02365,51,70,-,-1.14583,3.82E-05,0.598,CTTTGGGCGGCGCAAAAACA
TTTAGGCHDRCCTAAAANAW,MEME-1,HVO_RS02455,HVO_RS02455,272,291,+,-3.59375,7.15E-05,0.814,ATAAGTTAGACCAATTACAT
TTTAGGCHDRCCTAAAANAW,MEME-1,HVO_RS02495,HVO_RS02495,380,399,-,-1.875,4.62E-05,0.665,CTTCGGGCGGCGCAAAAACA
TTTAGGCHDRCCTAAAANAW,MEME-1,HVO_RS02500,HVO_RS02500,104,123,+,-1.875,4.62E-05,0.665,CTTCGGGCGGCGCAAAAACA
TTTAGGCHDRCCTAAAANAW,MEME-1,HVO_RS02735,HVO_RS02735,449,468,-,-3.94792,7.82E-05,0.814,GTTAGTCGTACCATATCTCA
TTTAGGCHDRCCTAAAANAW,MEME-1,HVO_RS02755,HVO_RS02755,917,936,+,-2.34375,5.21E-05,0.697,TTTTGGATTAGCTACAAGTA
TTTAGGCHDRCCTAAAANAW,MEME-1,HVO_RS02755,HVO_RS02755,990,1009,-,-3.82292,7.57E-05,0.814,TATACGCACGCCTCATATCA
TTTAGGCHDRCCTAAAANAW,MEME-1,HVO_RS02775,HVO_RS02775,160,179,+,-4.54167,9.05E-05,0.814,TTTCGGGGACCGGAAACACA
TTTAGGCHDRCCTAAAANAW,MEME-1,HVO_RS02800,HVO_RS02800,223,242,-,-4.53125,9.02E-05,0.814,TTACGGTCGCCATAACAAAA
TTTAGGCHDRCCTAAAANAW,MEME-1,HVO_RS02805,HVO_RS02805,109,128,+,-4.53125,9.02E-05,0.814,TTACGGTCGCCATAACAAAA
TTTAGGCHDRCCTAAAANAW,MEME-1,HVO_RS02945,HVO_RS02945,279,298,+,2.375,1.47E-05,0.297,ATTAGTAACGCCTGAAAACT
TTTAGGCHDRCCTAAAANAW,MEME-1,HVO_RS02970,HVO_RS02970,21,40,-,-2.47917,5.40E-05,0.705,ATTCGGCATGATTAACTTCT
TTTAGGCHDRCCTAAAANAW,MEME-1,HVO_RS02975,HVO_RS02975,298,317,+,-2.47917,5.40E-05,0.705,ATTCGGCATGATTAACTTCT
TTTAGGCHDRCCTAAAANAW,MEME-1,HVO_RS02995,HVO_RS02995,190,209,-,-4.17708,8.27E-05,0.814,CGTAGGATTAACTAAATCTT
TTTAGGCHDRCCTAAAANAW,MEME-1,HVO_RS03010,HVO_RS03010,195,214,+,-3.47917,6.95E-05,0.812,TTTTGTCTCCTCCAATATAT
TTTAGGCHDRCCTAAAANAW,MEME-1,HVO_RS03090,HVO_RS03090,636,655,+,-1.48958,4.18E-05,0.62,TTTACGTCCACCTCAACACG
TTTAGGCHDRCCTAAAANAW,MEME-1,HVO_RS03090,HVO_RS03090,632,651,-,-3,6.16E-05,0.766,TTGAGGTGGACGTAAATCGT
TTTAGGCHDRCCTAAAANAW,MEME-1,HVO_RS03150,HVO_RS03150,174,193,-,3.34375,1.12E-05,0.255,ATTTGTCCGGCAAAATACCA
TTTAGGCHDRCCTAAAANAW,MEME-1,HVO_RS03155,HVO_RS03155,277,296,+,3.34375,1.12E-05,0.255,ATTTGTCCGGCAAAATACCA
TTTAGGCHDRCCTAAAANAW,MEME-1,HVO_RS03345,HVO_RS03345,574,593,-,2.69792,1.34E-05,0.284,TTTCGGCTAGTCGAACATTA
TTTAGGCHDRCCTAAAANAW,MEME-1,HVO_RS03345,HVO_RS03345,578,597,+,-3,6.16E-05,0.766,GTTCGACTAGCCGAAAAATA
TTTAGGCHDRCCTAAAANAW,MEME-1,HVO_RS03405,HVO_RS03405,16,35,+,1.42708,1.92E-05,0.367,TTTCGTCTCCCCAATATATA
TTTAGGCHDRCCTAAAANAW,MEME-1,HVO_RS03405,HVO_RS03405,11,30,-,-1.40625,4.09E-05,0.619,ATTGGGGAGACGAAACAACA
TTTAGGCHDRCCTAAAANAW,MEME-1,HVO_RS03415,HVO_RS03415,408,427,-,-1.1875,3.87E-05,0.598,TTTAGGAGGAACAAGAAAAT
TTTAGGCHDRCCTAAAANAW,MEME-1,HVO_RS03485,HVO_RS03485,89,108,+,-4.15625,8.23E-05,0.814,ATGAGGCAGACCAAGAGCTA
TTTAGGCHDRCCTAAAANAW,MEME-1,HVO_RS03540,HVO_RS03540,12,31,-,3.42708,1.09E-05,0.253,TTTATTGCACCCTAACTCAC
TTTAGGCHDRCCTAAAANAW,MEME-1,HVO_RS03545,HVO_RS03545,146,165,+,3.42708,1.09E-05,0.253,TTTATTGCACCCTAACTCAC
TTTAGGCHDRCCTAAAANAW,MEME-1,HVO_RS03610,HVO_RS03610,179,198,+,4.89583,7.13E-06,0.177,TTTAGTTTCTCCTAACACCG
TTTAGGCHDRCCTAAAANAW,MEME-1,HVO_RS03830,HVO_RS03830,464,483,-,7.69792,3.05E-06,0.0846,ATTCGGAAAGCCTAACAGAG
TTTAGGCHDRCCTAAAANAW,MEME-1,HVO_RS03995,HVO_RS03995,471,490,+,-4.125,8.17E-05,0.814,TTTAGTCTAATCCCAATCAG
TTTAGGCHDRCCTAAAANAW,MEME-1,HVO_RS03995,HVO_RS03995,341,360,+,-4.52083,9.00E-05,0.814,TGTTGGACCACCTATATCAA
TTTAGGCHDRCCTAAAANAW,MEME-1,HVO_RS04000,HVO_RS04000,52,71,-,-4.125,8.17E-05,0.814,TTTAGTCTAATCCCAATCAG
TTTAGGCHDRCCTAAAANAW,MEME-1,HVO_RS04000,HVO_RS04000,182,201,-,-4.52083,9.00E-05,0.814,TGTTGGACCACCTATATCAA
TTTAGGCHDRCCTAAAANAW,MEME-1,HVO_RS04265,HVO_RS04265,160,179,-,25.1458,3.06E-09,0.000291,TTTAGGTATGCCTAAATACT
TTTAGGCHDRCCTAAAANAW,MEME-1,HVO_RS04265,HVO_RS04265,164,183,+,24.4688,4.39E-09,0.000348,TTTAGGCATACCTAAAACGA
TTTAGGCHDRCCTAAAANAW,MEME-1,HVO_RS04265,HVO_RS04265,194,213,-,23.4271,7.45E-09,0.000483,TTTAGGCCAGCATAAAAAAA
TTTAGGCHDRCCTAAAANAW,MEME-1,HVO_RS04265,HVO_RS04265,198,217,+,21.4062,1.91E-08,0.000961,TTTATGCTGGCCTAAAAATA
TTTAGGCHDRCCTAAAANAW,MEME-1,HVO_RS04330,HVO_RS04330,7,26,+,27.1667,9.43E-10,0.000105,TTTAGGGCGACCTAATACAT
TTTAGGCHDRCCTAAAANAW,MEME-1,HVO_RS04330,HVO_RS04330,3,22,-,19.7708,3.88E-08,0.00161,ATTAGGTCGCCCTAAAAGCA
TTTAGGCHDRCCTAAAANAW,MEME-1,HVO_RS04330,HVO_RS04330,36,55,-,11.7083,8.25E-07,0.0258,TTTCGGCGTGCCTAAATCGG
TTTAGGCHDRCCTAAAANAW,MEME-1,HVO_RS04330,HVO_RS04330,40,59,+,11.4062,9.15E-07,0.028,TTTAGGCACGCCGAAACTCC
TTTAGGCHDRCCTAAAANAW,MEME-1,HVO_RS04330,HVO_RS04330,76,95,+,6.8125,4.01E-06,0.107,TTTAGGATTGCCCAAACGCA
TTTAGGCHDRCCTAAAANAW,MEME-1,HVO_RS04330,HVO_RS04330,72,91,-,1.08333,2.11E-05,0.395,TTTGGGCAATCCTAAACGGA
TTTAGGCHDRCCTAAAANAW,MEME-1,HVO_RS04340,HVO_RS04340,69,88,-,27.1667,9.43E-10,0.000105,TTTAGGGCGACCTAATACAT
TTTAGGCHDRCCTAAAANAW,MEME-1,HVO_RS04340,HVO_RS04340,73,92,+,19.7708,3.88E-08,0.00161,ATTAGGTCGCCCTAAAAGCA
TTTAGGCHDRCCTAAAANAW,MEME-1,HVO_RS04340,HVO_RS04340,40,59,+,11.7083,8.25E-07,0.0258,TTTCGGCGTGCCTAAATCGG
TTTAGGCHDRCCTAAAANAW,MEME-1,HVO_RS04340,HVO_RS04340,36,55,-,11.4062,9.15E-07,0.028,TTTAGGCACGCCGAAACTCC
TTTAGGCHDRCCTAAAANAW,MEME-1,HVO_RS04340,HVO_RS04340,4,23,+,1.08333,2.11E-05,0.395,TTTGGGCAATCCTAAACGGA
TTTAGGCHDRCCTAAAANAW,MEME-1,HVO_RS04370,HVO_RS04370,208,227,-,-1.5,4.19E-05,0.62,TTTAGGGCGGTTTAGAAACA
TTTAGGCHDRCCTAAAANAW,MEME-1,HVO_RS04375,HVO_RS04375,140,159,+,-1.5,4.19E-05,0.62,TTTAGGGCGGTTTAGAAACA
TTTAGGCHDRCCTAAAANAW,MEME-1,HVO_RS04995,HVO_RS04995,53,72,-,0.3125,2.60E-05,0.449,TGTACGCTTGTCAAAAATAT
TTTAGGCHDRCCTAAAANAW,MEME-1,HVO_RS04995,HVO_RS04995,57,76,+,-0.927083,3.61E-05,0.568,TTTTGACAAGCGTACAATTA
TTTAGGCHDRCCTAAAANAW,MEME-1,HVO_RS05115,HVO_RS05115,206,225,-,11.1042,1.01E-06,0.03,TTTAGTGGGACGTAATACCA
TTTAGGCHDRCCTAAAANAW,MEME-1,HVO_RS05115,HVO_RS05115,210,229,+,-4.30208,8.53E-05,0.814,ATTACGTCCCACTAAATTTG
TTTAGGCHDRCCTAAAANAW,MEME-1,HVO_RS05330,HVO_RS05330,351,370,+,-3.79167,7.51E-05,0.814,ATACGTGTGACCTACAAGTT
TTTAGGCHDRCCTAAAANAW,MEME-1,HVO_RS05345,HVO_RS05345,164,183,+,10.2188,1.36E-06,0.0398,TTTTGGCATACCAATAAACG
TTTAGGCHDRCCTAAAANAW,MEME-1,HVO_RS05345,HVO_RS05345,160,179,-,4.92708,7.06E-06,0.177,TATTGGTATGCCAAAACGCA
TTTAGGCHDRCCTAAAANAW,MEME-1,HVO_RS05355,HVO_RS05355,27,46,-,-2.63542,5.62E-05,0.719,CTTCGGGGAACAAACAACAA
TTTAGGCHDRCCTAAAANAW,MEME-1,HVO_RS05465,HVO_RS05465,9,28,+,-0.541667,3.26E-05,0.529,ATTCGGAGCGCCCAATATAA
TTTAGGCHDRCCTAAAANAW,MEME-1,HVO_RS05470,HVO_RS05470,129,148,-,-0.541667,3.26E-05,0.529,ATTCGGAGCGCCCAATATAA
TTTAGGCHDRCCTAAAANAW,MEME-1,HVO_RS05960,HVO_RS05960,234,253,+,-2.05208,4.84E-05,0.674,ATGACGGAAGCCAAAACCAC
TTTAGGCHDRCCTAAAANAW,MEME-1,HVO_RS05960,HVO_RS05960,67,86,+,-4.01042,7.94E-05,0.814,CTTTAGCAATCCAAACATCT
TTTAGGCHDRCCTAAAANAW,MEME-1,HVO_RS05965,HVO_RS05965,82,101,-,-4.01042,7.94E-05,0.814,CTTTAGCAATCCAAACATCT
TTTAGGCHDRCCTAAAANAW,MEME-1,HVO_RS06405,HVO_RS06405,141,160,+,0.4375,2.51E-05,0.442,CTTAGGGGTCGCTAATCGCT
TTTAGGCHDRCCTAAAANAW,MEME-1,HVO_RS06525,HVO_RS06525,550,569,-,-0.541667,3.26E-05,0.529,TTTCCGGTTACCTCACATCT
TTTAGGCHDRCCTAAAANAW,MEME-1,HVO_RS06635,HVO_RS06635,130,149,-,-2.59375,5.56E-05,0.715,TTTACTCGAACCGAAGTAAA
TTTAGGCHDRCCTAAAANAW,MEME-1,HVO_RS06875,HVO_RS06875,187,206,+,-3.67708,7.30E-05,0.814,TTTAGGCCGGGGTACCACTA
TTTAGGCHDRCCTAAAANAW,MEME-1,HVO_RS07030,HVO_RS07030,201,220,-,-4.66667,9.33E-05,0.825,TTTCGGTAAATCAGACTGAA
TTTAGGCHDRCCTAAAANAW,MEME-1,HVO_RS07035,HVO_RS07035,48,67,+,-4.66667,9.33E-05,0.825,TTTCGGTAAATCAGACTGAA
TTTAGGCHDRCCTAAAANAW,MEME-1,HVO_RS07045,HVO_RS07045,124,143,+,-4.80208,9.64E-05,0.836,TTTTAGCCCGCCTGACCCTT
TTTAGGCHDRCCTAAAANAW,MEME-1,HVO_RS07050,HVO_RS07050,18,37,-,-4.80208,9.64E-05,0.836,TTTTAGCCCGCCTGACCCTT
TTTAGGCHDRCCTAAAANAW,MEME-1,HVO_RS07280,HVO_RS07280,56,75,+,20.375,3.00E-08,0.00135,TTTCGTGTGGCCTAAAATCA
TTTAGGCHDRCCTAAAANAW,MEME-1,HVO_RS07280,HVO_RS07280,52,71,-,7.47917,3.26E-06,0.0887,TTTAGGCCACACGAAAAATT
TTTAGGCHDRCCTAAAANAW,MEME-1,HVO_RS07285,HVO_RS07285,393,412,-,20.375,3.00E-08,0.00135,TTTCGTGTGGCCTAAAATCA
TTTAGGCHDRCCTAAAANAW,MEME-1,HVO_RS07285,HVO_RS07285,397,416,+,7.47917,3.26E-06,0.0887,TTTAGGCCACACGAAAAATT
TTTAGGCHDRCCTAAAANAW,MEME-1,HVO_RS07295,HVO_RS07295,18,37,-,33.9583,1.17E-12,3.12E-06,TTTAGGCCAACCTAAAACAA
TTTAGGCHDRCCTAAAANAW,MEME-1,HVO_RS07295,HVO_RS07295,22,41,+,16.7917,1.29E-07,0.00478,TTTAGGTTGGCCTAAATGGT
TTTAGGCHDRCCTAAAANAW,MEME-1,HVO_RS07355,HVO_RS07355,77,96,-,4.73958,7.46E-06,0.179,AATCGGCGGCCCAAAATTAT
TTTAGGCHDRCCTAAAANAW,MEME-1,HVO_RS07355,HVO_RS07355,81,100,+,-1.42708,4.11E-05,0.619,TTTTGGGCCGCCGATTATCA
TTTAGGCHDRCCTAAAANAW,MEME-1,HVO_RS07360,HVO_RS07360,174,193,+,4.73958,7.46E-06,0.179,AATCGGCGGCCCAAAATTAT
TTTAGGCHDRCCTAAAANAW,MEME-1,HVO_RS07360,HVO_RS07360,170,189,-,-1.42708,4.11E-05,0.619,TTTTGGGCCGCCGATTATCA
TTTAGGCHDRCCTAAAANAW,MEME-1,HVO_RS07410,HVO_RS07410,214,233,-,-2.15625,4.97E-05,0.689,CATTGGCATAACTAATCTAT
TTTAGGCHDRCCTAAAANAW,MEME-1,HVO_RS07750,HVO_RS07750,142,161,-,-3.42708,6.86E-05,0.808,ATTCGTCATACCGTACACAT
TTTAGGCHDRCCTAAAANAW,MEME-1,HVO_RS08040,HVO_RS08040,405,424,+,-3.05208,6.24E-05,0.769,TTTTGGCACGCCGACACACG
TTTAGGCHDRCCTAAAANAW,MEME-1,HVO_RS08045,HVO_RS08045,65,84,-,-3.05208,6.24E-05,0.769,TTTTGGCACGCCGACACACG
TTTAGGCHDRCCTAAAANAW,MEME-1,HVO_RS08075,HVO_RS08075,281,300,-,1,2.15E-05,0.398,TGTCGGTCGACCGAAAACAG
TTTAGGCHDRCCTAAAANAW,MEME-1,HVO_RS08095,HVO_RS08095,134,153,-,-4.90625,9.89E-05,0.849,TTGAGGTCGGCAAAACCATA
TTTAGGCHDRCCTAAAANAW,MEME-1,HVO_RS08360,HVO_RS08360,372,391,-,-4.57292,9.12E-05,0.814,TCTCGGTTCACCTTACATCT
TTTAGGCHDRCCTAAAANAW,MEME-1,HVO_RS08365,HVO_RS08365,39,58,+,-4.57292,9.12E-05,0.814,TCTCGGTTCACCTTACATCT
TTTAGGCHDRCCTAAAANAW,MEME-1,HVO_RS08400,HVO_RS08400,343,362,-,-4.55208,9.07E-05,0.814,TTAAGGGTTAGCTACAAGTG
TTTAGGCHDRCCTAAAANAW,MEME-1,HVO_RS08405,HVO_RS08405,26,45,+,-4.55208,9.07E-05,0.814,TTAAGGGTTAGCTACAAGTG
TTTAGGCHDRCCTAAAANAW,MEME-1,HVO_RS08755,HVO_RS08755,11,30,-,-4.22917,8.38E-05,0.814,TTTAGGCCGACCGGGTTCTA
TTTAGGCHDRCCTAAAANAW,MEME-1,HVO_RS08760,HVO_RS08760,214,233,+,-4.22917,8.38E-05,0.814,TTTAGGCCGACCGGGTTCTA
TTTAGGCHDRCCTAAAANAW,MEME-1,HVO_RS08815,HVO_RS08815,59,78,-,-1.27083,3.95E-05,0.608,TTTTGGACAGCCGAACAACG
TTTAGGCHDRCCTAAAANAW,MEME-1,HVO_RS08815,HVO_RS08815,63,82,+,-3.17708,6.44E-05,0.78,GTTCGGCTGTCCAAAACCCG
TTTAGGCHDRCCTAAAANAW,MEME-1,HVO_RS08880,HVO_RS08880,345,364,+,-2.78125,5.83E-05,0.742,TTTCGGGGAGCCTGAGTCCG
TTTAGGCHDRCCTAAAANAW,MEME-1,HVO_RS09355,HVO_RS09355,95,114,+,-3.97917,7.87E-05,0.814,ATTTTTGTTGTCTAATACTA
TTTAGGCHDRCCTAAAANAW,MEME-1,HVO_RS09505,HVO_RS09505,99,118,+,30.5417,7.64E-11,2.14E-05,TTTAGGCAAGCCAAAAATAT
TTTAGGCHDRCCTAAAANAW,MEME-1,HVO_RS09505,HVO_RS09505,95,114,-,24.3854,4.60E-09,0.000348,TTTTGGCTTGCCTAAATATT
TTTAGGCHDRCCTAAAANAW,MEME-1,HVO_RS09505,HVO_RS09505,47,66,-,12.3438,6.64E-07,0.0214,TTTAGACGGGCCAAAAACTC
TTTAGGCHDRCCTAAAANAW,MEME-1,HVO_RS09505,HVO_RS09505,51,70,+,3.28125,1.14E-05,0.257,TTTTGGCCCGTCTAAACTGT
TTTAGGCHDRCCTAAAANAW,MEME-1,HVO_RS09585,HVO_RS09585,67,86,+,0.375,2.55E-05,0.444,TTTTGTAAAGCTTAACACTA
TTTAGGCHDRCCTAAAANAW,MEME-1,HVO_RS10060,HVO_RS10060,29,48,+,1.91667,1.67E-05,0.33,ATTCGGGGAACGAAAACCAC
TTTAGGCHDRCCTAAAANAW,MEME-1,HVO_RS10170,HVO_RS10170,192,211,+,-4.89583,9.87E-05,0.849,TTTTAGTAACCCAAGCATAA
TTTAGGCHDRCCTAAAANAW,MEME-1,HVO_RS10595,HVO_RS10595,42,61,-,2.40625,1.46E-05,0.297,TATAGTCTGAACAAAATCCT
TTTAGGCHDRCCTAAAANAW,MEME-1,HVO_RS10600,HVO_RS10600,67,86,+,2.40625,1.46E-05,0.297,TATAGTCTGAACAAAATCCT
TTTAGGCHDRCCTAAAANAW,MEME-1,HVO_RS10605,HVO_RS10605,54,73,+,27.1979,9.23E-10,0.000105,ATTAGGCGTACCTAAAACCA
TTTAGGCHDRCCTAAAANAW,MEME-1,HVO_RS10605,HVO_RS10605,50,69,-,21.7188,1.66E-08,0.000883,TTTAGGTACGCCTAATAGTA
TTTAGGCHDRCCTAAAANAW,MEME-1,HVO_RS10605,HVO_RS10605,18,37,+,21.0938,2.19E-08,0.00105,TTTCGGCCTGCCTAAAAATC
TTTAGGCHDRCCTAAAANAW,MEME-1,HVO_RS10605,HVO_RS10605,14,33,-,21.0208,2.26E-08,0.00106,TTTAGGCAGGCCGAAAAATA
TTTAGGCHDRCCTAAAANAW,MEME-1,HVO_RS10810,HVO_RS10810,2,21,-,0.645833,2.37E-05,0.433,TTCCGGCGAACCGAACAGAT
TTTAGGCHDRCCTAAAANAW,MEME-1,HVO_RS10845,HVO_RS10845,441,460,-,-2.46875,5.38E-05,0.705,TTTCTTCCGACCGAACACCA
TTTAGGCHDRCCTAAAANAW,MEME-1,HVO_RS10915,HVO_RS10915,13,32,-,22.2812,1.28E-08,0.000698,ATTAGGCCAGCCTAATCTTA
TTTAGGCHDRCCTAAAANAW,MEME-1,HVO_RS10915,HVO_RS10915,17,36,+,18.8646,5.64E-08,0.00221,ATTAGGCTGGCCTAATTCCC
TTTAGGCHDRCCTAAAANAW,MEME-1,HVO_RS11010,HVO_RS11010,497,516,-,-3.28125,6.62E-05,0.796,TTTCGCGCGGCCGAACTCCA
TTTAGGCHDRCCTAAAANAW,MEME-1,HVO_RS11045,HVO_RS11045,144,163,-,0.59375,2.41E-05,0.433,TTTCGGTCGACCGACACCAA
TTTAGGCHDRCCTAAAANAW,MEME-1,HVO_RS11240,HVO_RS11240,59,78,+,-0.333333,3.09E-05,0.51,ATTAGGGTCGCCTTACCGCC
TTTAGGCHDRCCTAAAANAW,MEME-1,HVO_RS11765,HVO_RS11765,121,140,-,30.0104,1.20E-10,2.91E-05,TTTAGGCTAACCTAAATGTA
TTTAGGCHDRCCTAAAANAW,MEME-1,HVO_RS11765,HVO_RS11765,85,104,-,21.2812,2.02E-08,0.000994,TTTCGGCCGGCCTAAACCTT
TTTAGGCHDRCCTAAAANAW,MEME-1,HVO_RS11765,HVO_RS11765,89,108,+,20.2812,3.12E-08,0.00136,TTTAGGCCGGCCGAAAAATA
TTTAGGCHDRCCTAAAANAW,MEME-1,HVO_RS11765,HVO_RS11765,125,144,+,20.1042,3.37E-08,0.00145,TTTAGGTTAGCCTAAACCCC
TTTAGGCHDRCCTAAAANAW,MEME-1,HVO_RS11795,HVO_RS11795,4,23,-,-4.53125,9.02E-05,0.814,CGTCGGCGGACCGAAAACTC
TTTAGGCHDRCCTAAAANAW,MEME-1,HVO_RS11855,HVO_RS11855,9,28,+,-4.625,9.23E-05,0.822,TTTCGGGGAGTCAAGACACA
TTTAGGCHDRCCTAAAANAW,MEME-1,HVO_RS12225,HVO_RS12225,270,289,-,-0.875,3.56E-05,0.564,TTGTGCGTGACCAAAATCAG
TTTAGGCHDRCCTAAAANAW,MEME-1,HVO_RS12455,HVO_RS12455,28,47,+,23.5417,7.05E-09,0.000469,TTTTGGTAAACCTAAAAGTT
TTTAGGCHDRCCTAAAANAW,MEME-1,HVO_RS12455,HVO_RS12455,24,43,-,13.75,4.03E-07,0.0139,TTTAGGTTTACCAAAACCGA
TTTAGGCHDRCCTAAAANAW,MEME-1,HVO_RS12465,HVO_RS12465,89,108,-,2.02083,1.63E-05,0.323,CGTCGGCAACCCTAAATGCG
TTTAGGCHDRCCTAAAANAW,MEME-1,HVO_RS12470,HVO_RS12470,15,34,+,2.02083,1.63E-05,0.323,CGTCGGCAACCCTAAATGCG
TTTAGGCHDRCCTAAAANAW,MEME-1,HVO_RS12475,HVO_RS12475,460,479,-,5.9375,5.23E-06,0.134,TATATTTCAACCTAAATTAA
TTTAGGCHDRCCTAAAANAW,MEME-1,HVO_RS12675,HVO_RS12675,15,34,+,-3.71875,7.38E-05,0.814,CTTCGGCGTCCCTCATCCAC
TTTAGGCHDRCCTAAAANAW,MEME-1,HVO_RS12850,HVO_RS12850,253,272,+,-4.25,8.42E-05,0.814,TTTTGGGAAACCGATTCTCG
TTTAGGCHDRCCTAAAANAW,MEME-1,HVO_RS12855,HVO_RS12855,101,120,-,-4.25,8.42E-05,0.814,TTTTGGGAAACCGATTCTCG
TTTAGGCHDRCCTAAAANAW,MEME-1,HVO_RS12895,HVO_RS12895,96,115,-,24.3854,4.60E-09,0.000348,TTTAGGCAACCCAAAAATAG
TTTAGGCHDRCCTAAAANAW,MEME-1,HVO_RS12895,HVO_RS12895,100,119,+,22.6458,1.08E-08,0.000621,TTTTGGGTTGCCTAAATCCA
TTTAGGCHDRCCTAAAANAW,MEME-1,HVO_RS12895,HVO_RS12895,97,116,-,3.04167,1.22E-05,0.265,ATTTAGGCAACCCAAAAATA
TTTAGGCHDRCCTAAAANAW,MEME-1,HVO_RS12895,HVO_RS12895,101,120,+,-4.47917,8.91E-05,0.814,TTTGGGTTGCCTAAATCCAT
TTTAGGCHDRCCTAAAANAW,MEME-1,HVO_RS12900,HVO_RS12900,100,119,+,28.4479,3.97E-10,5.87E-05,TTTAGGGAGACCTAAATTCA
TTTAGGCHDRCCTAAAANAW,MEME-1,HVO_RS12900,HVO_RS12900,96,115,-,21.4062,1.91E-08,0.000961,TTTAGGTCTCCCTAAACCAT
TTTAGGCHDRCCTAAAANAW,MEME-1,HVO_RS13160,HVO_RS13160,135,154,-,24.6042,4.08E-09,0.000348,TTTAGGCGTCCCTAATACAA
TTTAGGCHDRCCTAAAANAW,MEME-1,HVO_RS13160,HVO_RS13160,139,158,+,16.2708,1.58E-07,0.00569,ATTAGGGACGCCTAAAACGT
TTTAGGCHDRCCTAAAANAW,MEME-1,HVO_RS13160,HVO_RS13160,99,118,-,14.6562,2.90E-07,0.0102,TTTAGGGACTCCTAAACCCA
TTTAGGCHDRCCTAAAANAW,MEME-1,HVO_RS13160,HVO_RS13160,103,122,+,12.7604,5.74E-07,0.0191,TTTAGGAGTCCCTAAAATCC
TTTAGGCHDRCCTAAAANAW,MEME-1,HVO_RS13190,HVO_RS13190,332,351,+,28.7188,3.31E-10,5.51E-05,TTTAGGCCTACCTAAACAAT
TTTAGGCHDRCCTAAAANAW,MEME-1,HVO_RS13190,HVO_RS13190,328,347,-,19.6771,4.03E-08,0.00163,TTTAGGTAGGCCTAAAACGT
TTTAGGCHDRCCTAAAANAW,MEME-1,HVO_RS13195,HVO_RS13195,67,86,-,28.7188,3.31E-10,5.51E-05,TTTAGGCCTACCTAAACAAT
TTTAGGCHDRCCTAAAANAW,MEME-1,HVO_RS13195,HVO_RS13195,71,90,+,19.6771,4.03E-08,0.00163,TTTAGGTAGGCCTAAAACGT
TTTAGGCHDRCCTAAAANAW,MEME-1,HVO_RS13225,HVO_RS13225,21,40,+,-4.23958,8.40E-05,0.814,ATTCAGCAAGCCTACGACAT
TTTAGGCHDRCCTAAAANAW,MEME-1,HVO_RS13305,HVO_RS13305,95,114,+,-4.40625,8.75E-05,0.814,ATTGGTGCAGCAAAATATAG
TTTAGGCHDRCCTAAAANAW,MEME-1,HVO_RS13310,HVO_RS13310,89,108,-,-4.40625,8.75E-05,0.814,ATTGGTGCAGCAAAATATAG
TTTAGGCHDRCCTAAAANAW,MEME-1,HVO_RS13405,HVO_RS13405,105,124,+,6.27083,4.73E-06,0.122,ATTAGTCTCCGCAAAAAATA
TTTAGGCHDRCCTAAAANAW,MEME-1,HVO_RS13405,HVO_RS13405,101,120,-,-2.91667,6.03E-05,0.761,TTTTGCGGAGACTAATCCTT
TTTAGGCHDRCCTAAAANAW,MEME-1,HVO_RS13475,HVO_RS13475,26,45,+,-3.14583,6.39E-05,0.777,TTAACTCTTATCTAAATTCT
TTTAGGCHDRCCTAAAANAW,MEME-1,HVO_RS13480,HVO_RS13480,110,129,-,-3.14583,6.39E-05,0.777,TTAACTCTTATCTAAATTCT
TTTAGGCHDRCCTAAAANAW,MEME-1,HVO_RS13535,HVO_RS13535,7,26,+,-3.89583,7.71E-05,0.814,GTTTGGGAAGCCAGACTGAA
TTTAGGCHDRCCTAAAANAW,MEME-1,HVO_RS13535,HVO_RS13535,3,22,-,-4.38542,8.70E-05,0.814,GTCTGGCTTCCCAAACAGAA
TTTAGGCHDRCCTAAAANAW,MEME-1,HVO_RS13555,HVO_RS13555,142,161,+,-3.63542,7.23E-05,0.814,TCAAGGCCGACCAAGATGAA
TTTAGGCHDRCCTAAAANAW,MEME-1,HVO_RS13765,HVO_RS13765,213,232,+,-0.864583,3.55E-05,0.564,GTTCGGCGAACCACAATGCA
TTTAGGCHDRCCTAAAANAW,MEME-1,HVO_RS13785,HVO_RS13785,94,113,+,-3.72917,7.40E-05,0.814,TTTCGGCATCCCGTACAACT
TTTAGGCHDRCCTAAAANAW,MEME-1,HVO_RS13785,HVO_RS13785,17,36,+,-4.94792,9.99E-05,0.855,CATCGGAAGGCCAAAACGAT
TTTAGGCHDRCCTAAAANAW,MEME-1,HVO_RS14260,HVO_RS14260,522,541,-,28.4583,3.94E-10,5.87E-05,TTTAGGCCCACCTAAAATAG
TTTAGGCHDRCCTAAAANAW,MEME-1,HVO_RS14260,HVO_RS14260,526,545,+,23.3125,7.87E-09,0.000499,TTTAGGTGGGCCTAAAAAAC
TTTAGGCHDRCCTAAAANAW,MEME-1,HVO_RS14325,HVO_RS14325,83,102,+,-4.35417,8.64E-05,0.814,ATTTCGGCGGCCAGAATCCT
TTTAGGCHDRCCTAAAANAW,MEME-1,HVO_RS14330,HVO_RS14330,151,170,-,-4.35417,8.64E-05,0.814,ATTTCGGCGGCCAGAATCCT
TTTAGGCHDRCCTAAAANAW,MEME-1,HVO_RS14400,HVO_RS14400,124,143,-,25.1458,3.06E-09,0.000291,TTTAGGCTCACCTAACAGAT
TTTAGGCHDRCCTAAAANAW,MEME-1,HVO_RS14400,HVO_RS14400,128,147,+,11.1562,9.96E-07,0.0298,GTTAGGTGAGCCTAAATACG
TTTAGGCHDRCCTAAAANAW,MEME-1,HVO_RS14405,HVO_RS14405,194,213,+,25.1458,3.06E-09,0.000291,TTTAGGCTCACCTAACAGAT
TTTAGGCHDRCCTAAAANAW,MEME-1,HVO_RS14405,HVO_RS14405,190,209,-,11.1562,9.96E-07,0.0298,GTTAGGTGAGCCTAAATACG
TTTAGGCHDRCCTAAAANAW,MEME-1,HVO_RS14505,HVO_RS14505,290,309,+,32.0625,1.75E-11,1.42E-05,TTTAGGCTAGCCTAAAATCA
TTTAGGCHDRCCTAAAANAW,MEME-1,HVO_RS14505,HVO_RS14505,286,305,-,31.5208,3.09E-11,1.64E-05,TTTAGGCTAGCCTAAAACCA
TTTAGGCHDRCCTAAAANAW,MEME-1,HVO_RS14505,HVO_RS14505,254,273,+,22.3438,1.25E-08,0.000692,TTTTGGCTTGCCTAAAAATC
TTTAGGCHDRCCTAAAANAW,MEME-1,HVO_RS14505,HVO_RS14505,250,269,-,21.0729,2.21E-08,0.00105,TTTAGGCAAGCCAAAACACG
TTTAGGCHDRCCTAAAANAW,MEME-1,HVO_RS14535,HVO_RS14535,78,97,+,-4.25,8.42E-05,0.814,ATTTTGCTAAGCAAAACTTC
TTTAGGCHDRCCTAAAANAW,MEME-1,HVO_RS14540,HVO_RS14540,182,201,-,-4.25,8.42E-05,0.814,ATTTTGCTAAGCAAAACTTC
TTTAGGCHDRCCTAAAANAW,MEME-1,HVO_RS14560,HVO_RS14560,159,178,-,-3.58333,7.13E-05,0.814,TTCAGCCACACCTGAAATTC
TTTAGGCHDRCCTAAAANAW,MEME-1,HVO_RS14560,HVO_RS14560,20,39,-,-4.54167,9.05E-05,0.814,ATCTGGGATATTTAAAATAT
TTTAGGCHDRCCTAAAANAW,MEME-1,HVO_RS14630,HVO_RS14630,135,154,-,31.875,2.13E-11,1.42E-05,TTTAGGCTTACCTAAATAAA
TTTAGGCHDRCCTAAAANAW,MEME-1,HVO_RS14630,HVO_RS14630,99,118,-,27.375,8.22E-10,0.000104,TTTAGGCCGGCCTAATACTA
TTTAGGCHDRCCTAAAANAW,MEME-1,HVO_RS14630,HVO_RS14630,103,122,+,23.0521,8.94E-09,0.000541,ATTAGGCCGGCCTAAAAACC
TTTAGGCHDRCCTAAAANAW,MEME-1,HVO_RS14630,HVO_RS14630,139,158,+,18.5521,6.41E-08,0.00244,TTTAGGTAAGCCTAAAGTCT
TTTAGGCHDRCCTAAAANAW,MEME-1,HVO_RS14675,HVO_RS14675,93,112,+,-4.76042,9.55E-05,0.833,TTCAGTGGTGACAAATCTAT
TTTAGGCHDRCCTAAAANAW,MEME-1,HVO_RS14680,HVO_RS14680,129,148,+,-4.17708,8.27E-05,0.814,CGTAGGATTAACTAAATCTT
TTTAGGCHDRCCTAAAANAW,MEME-1,HVO_RS14685,HVO_RS14685,17,36,-,-4.17708,8.27E-05,0.814,CGTAGGATTAACTAAATCTT
TTTAGGCHDRCCTAAAANAW,MEME-1,HVO_RS14770,HVO_RS14770,102,121,-,30.5625,7.50E-11,2.14E-05,ATTAGGCCAGCCTAAAACAA
TTTAGGCHDRCCTAAAANAW,MEME-1,HVO_RS14770,HVO_RS14770,66,85,-,23.6771,6.59E-09,0.00045,TTTAGTCCGGCCTAAAACTG
TTTAGGCHDRCCTAAAANAW,MEME-1,HVO_RS14770,HVO_RS14770,106,125,+,17.8958,8.36E-08,0.00313,TTTAGGCTGGCCTAATTCGT
TTTAGGCHDRCCTAAAANAW,MEME-1,HVO_RS14770,HVO_RS14770,70,89,+,15.7292,1.95E-07,0.0069,TTTAGGCCGGACTAAATTTC
TTTAGGCHDRCCTAAAANAW,MEME-1,HVO_RS14865,HVO_RS14865,161,180,-,-2.05208,4.84E-05,0.674,TCTTGGCTCGCTAAATACCA
TTTAGGCHDRCCTAAAANAW,MEME-1,HVO_RS15565,HVO_RS15565,101,120,-,-2.84375,5.92E-05,0.751,CTGAGTGTTACCTAACAGGA
TTTAGGCHDRCCTAAAANAW,MEME-1,HVO_RS15680,HVO_RS15680,85,104,+,-3.46875,6.93E-05,0.812,CTTCGTTCCAGCTAAACGAG
TTTAGGCHDRCCTAAAANAW,MEME-1,HVO_RS15700,HVO_RS15700,696,715,+,-1.63542,4.34E-05,0.637,ATTCAGGATACCTAGACCCA
TTTAGGCHDRCCTAAAANAW,MEME-1,HVO_RS15710,HVO_RS15710,1087,1106,+,-3.40625,6.83E-05,0.808,TTTGGTCCGGTCTATAATCT
TTTAGGCHDRCCTAAAANAW,MEME-1,HVO_RS15715,HVO_RS15715,24,43,-,6.82292,4.00E-06,0.107,CTTTGACAGACCTAACTTCA
TTTAGGCHDRCCTAAAANAW,MEME-1,HVO_RS16060,HVO_RS16060,27,46,+,1.69792,1.78E-05,0.345,ATAAGTCCGGCGAAAAATTA
TTTAGGCHDRCCTAAAANAW,MEME-1,HVO_RS16065,HVO_RS16065,99,118,-,1.69792,1.78E-05,0.345,ATAAGTCCGGCGAAAAATTA
TTTAGGCHDRCCTAAAANAW,MEME-1,HVO_RS16230,HVO_RS16230,149,168,-,23.9583,5.70E-09,0.000399,CTTAGGCATACCTAAAACTG
TTTAGGCHDRCCTAAAANAW,MEME-1,HVO_RS16230,HVO_RS16230,153,172,+,13.4583,4.48E-07,0.0153,TTTAGGTATGCCTAAGAATC
TTTAGGCHDRCCTAAAANAW,MEME-1,HVO_RS16240,HVO_RS16240,51,70,-,8.3125,2.52E-06,0.0705,TTTAGACATATCAAAATTCA
TTTAGGCHDRCCTAAAANAW,MEME-1,HVO_RS16240,HVO_RS16240,55,74,+,-3.61458,7.19E-05,0.814,TTTTGATATGTCTAAAACGT
TTTAGGCHDRCCTAAAANAW,MEME-1,HVO_RS16245,HVO_RS16245,119,138,+,8.3125,2.52E-06,0.0705,TTTAGACATATCAAAATTCA
TTTAGGCHDRCCTAAAANAW,MEME-1,HVO_RS16245,HVO_RS16245,115,134,-,-3.61458,7.19E-05,0.814,TTTTGATATGTCTAAAACGT
TTTAGGCHDRCCTAAAANAW,MEME-1,HVO_RS16245,HVO_RS16245,205,224,+,-4.71875,9.45E-05,0.83,ATTCGTCCGACCCCAAACTC
TTTAGGCHDRCCTAAAANAW,MEME-1,HVO_RS16295,HVO_RS16295,92,111,-,-4.125,8.17E-05,0.814,ATTCGGTCAAGCAATAATAC
TTTAGGCHDRCCTAAAANAW,MEME-1,HVO_RS16300,HVO_RS16300,17,36,+,-4.125,8.17E-05,0.814,ATTCGGTCAAGCAATAATAC
TTTAGGCHDRCCTAAAANAW,MEME-1,HVO_RS17075,HVO_RS17075,116,135,+,-4.23958,8.40E-05,0.814,CGCAGGCAAACCGAAAACAG
TTTAGGCHDRCCTAAAANAW,MEME-1,HVO_RS17525,HVO_RS17525,195,214,-,-0.645833,3.35E-05,0.538,AATAGACTTACCTAATTGTC
TTTAGGCHDRCCTAAAANAW,MEME-1,HVO_RS17530,HVO_RS17530,56,75,+,-0.645833,3.35E-05,0.538,AATAGACTTACCTAATTGTC
TTTAGGCHDRCCTAAAANAW,MEME-1,HVO_RS17615,HVO_RS17615,165,184,-,4.76042,7.42E-06,0.179,ATTTGCCATGTCTAAATAAT
TTTAGGCHDRCCTAAAANAW,MEME-1,HVO_RS17615,HVO_RS17615,169,188,+,2.63542,1.37E-05,0.285,TTTAGACATGGCAAATTCAG
TTTAGGCHDRCCTAAAANAW,MEME-1,HVO_RS17870,HVO_RS17870,158,177,-,-3.78125,7.49E-05,0.814,CCGCGGCGCGCCTAAAAACA
TTTAGGCHDRCCTAAAANAW,MEME-1,HVO_RS17895,HVO_RS17895,90,109,+,-4.75,9.52E-05,0.833,ATTCTGCAGGCCGAACACCG
TTTAGGCHDRCCTAAAANAW,MEME-1,HVO_RS18320,HVO_RS18320,97,116,+,-2.40625,5.30E-05,0.705,TGTAGTCCGGCCAATCATCT
TTTAGGCHDRCCTAAAANAW,MEME-1,HVO_RS18330,HVO_RS18330,623,642,+,3.90625,9.52E-06,0.224,TTTTGTCCCGCCAAGTAGAT
TTTAGGCHDRCCTAAAANAW,MEME-1,HVO_RS18385,HVO_RS18385,108,127,-,-4.8125,9.67E-05,0.836,ATTTGTCTGGACATAATTCT
TTTAGGCHDRCCTAAAANAW,MEME-1,HVO_RS18565,HVO_RS18565,472,491,-,0.614583,2.39E-05,0.433,TTAAGTGAAACCGAACAGTA
TTTAGGCHDRCCTAAAANAW,MEME-1,HVO_RS18565,HVO_RS18565,624,643,-,-0.125,2.92E-05,0.498,ATGTGACTAACCAAACATAA
TTTAGGCHDRCCTAAAANAW,MEME-1,HVO_RS18570,HVO_RS18570,438,457,+,0.614583,2.39E-05,0.433,TTAAGTGAAACCGAACAGTA
TTTAGGCHDRCCTAAAANAW,MEME-1,HVO_RS18570,HVO_RS18570,286,305,+,-0.125,2.92E-05,0.498,ATGTGACTAACCAAACATAA
TTTAGGCHDRCCTAAAANAW,MEME-1,HVO_RS18860,HVO_RS18860,95,114,+,-0.1875,2.97E-05,0.5,TGTAGTCCGGCCAATCATAT
TTTAGGCHDRCCTAAAANAW,MEME-1,HVO_RS18930,HVO_RS18930,373,392,+,-1.17708,3.85E-05,0.598,GTTCGGGACGGCAAAATCAT
TTTAGGCHDRCCTAAAANAW,MEME-1,HVO_RS18945,HVO_RS18945,70,89,-,-3.3125,6.67E-05,0.796,CGTTGGCGTACCTACAACCG
TTTAGGCHDRCCTAAAANAW,MEME-1,HVO_RS19170,HVO_RS19170,258,277,-,-4,7.92E-05,0.814,CTTTCGTCGACGAAAAAATA
TTTAGGCHDRCCTAAAANAW,MEME-1,HVO_RS19255,HVO_RS19255,196,215,-,1.33333,1.97E-05,0.374,TTTCGTCATGCCACATTAAC
TTTAGGCHDRCCTAAAANAW,MEME-1,HVO_RS19325,HVO_RS19325,71,90,-,12.3333,6.66E-07,0.0214,CTTAGGCTGCCGTAATATAA
TTTAGGCHDRCCTAAAANAW,MEME-1,HVO_RS19325,HVO_RS19325,75,94,+,6.29167,4.70E-06,0.122,ATTACGGCAGCCTAAGTAAT
TTTAGGCHDRCCTAAAANAW,MEME-1,HVO_RS19330,HVO_RS19330,12,31,+,12.3333,6.66E-07,0.0214,CTTAGGCTGCCGTAATATAA
TTTAGGCHDRCCTAAAANAW,MEME-1,HVO_RS19330,HVO_RS19330,8,27,-,6.29167,4.70E-06,0.122,ATTACGGCAGCCTAAGTAAT
TTTAGGCHDRCCTAAAANAW,MEME-1,HVO_RS19330,HVO_RS19330,184,203,-,-3.55208,7.08E-05,0.814,CTCAGGGATAACAAACATCT
TTTAGGCHDRCCTAAAANAW,MEME-1,HVO_RS19345,HVO_RS19345,455,474,-,-1.97917,4.75E-05,0.669,TTTCAGGAGACGAAAATTTG
TTTAGGCHDRCCTAAAANAW,MEME-1,HVO_RS19400,HVO_RS19400,38,57,-,-3.10417,6.33E-05,0.776,ATTAGGTAGAACAACCACCT
TTTAGGCHDRCCTAAAANAW,MEME-1,HVO_RS19405,HVO_RS19405,143,162,-,3.03125,1.22E-05,0.265,AGTCGGCATACCAAAAATGT
TTTAGGCHDRCCTAAAANAW,MEME-1,HVO_RS19410,HVO_RS19410,290,309,+,3.03125,1.22E-05,0.265,AGTCGGCATACCAAAAATGT
TTTAGGCHDRCCTAAAANAW,MEME-1,HVO_RS19510,HVO_RS19510,293,312,+,-0.28125,3.04E-05,0.506,TTTCGGCAAGCCGGACCCAA
TTTAGGCHDRCCTAAAANAW,MEME-1,HVO_RS19510,HVO_RS19510,289,308,-,-4.6875,9.38E-05,0.827,GTCCGGCTTGCCGAAAATCT
TTTAGGCHDRCCTAAAANAW,MEME-1,HVO_RS19675,HVO_RS19675,32,51,-,8.45833,2.40E-06,0.0687,GTTCGGCCCACCAAAATATT
TTTAGGCHDRCCTAAAANAW,MEME-1,HVO_RS19740,HVO_RS19740,644,663,-,0.479167,2.48E-05,0.44,TTTTGGCAGACAACAACCCA
TTTAGGCHDRCCTAAAANAW,MEME-1,HVO_RS19760,HVO_RS19760,428,447,-,-3.625,7.21E-05,0.814,TTTTTGCTAATGTAATATTT
TTTAGGCHDRCCTAAAANAW,MEME-1,HVO_RS19800,HVO_RS19800,86,105,-,5.11458,6.68E-06,0.169,ATTAAGGCTGCCTACAACCT
TTTAGGCHDRCCTAAAANAW,MEME-1,HVO_RS19810,HVO_RS19810,12,31,-,-3.59375,7.15E-05,0.814,ATAAGTTAGACCAATTACAT
TTTAGGCHDRCCTAAAANAW,MEME-1,HVO_RS19905,HVO_RS19905,174,193,-,1.42708,1.92E-05,0.367,TTTCGTCTCCCCAATATATA
TTTAGGCHDRCCTAAAANAW,MEME-1,HVO_RS19905,HVO_RS19905,179,198,+,-1.40625,4.09E-05,0.619,ATTGGGGAGACGAAACAACA
TTTAGGCHDRCCTAAAANAW,MEME-1,HVO_RS19910,HVO_RS19910,174,193,+,-2.29167,5.15E-05,0.695,ATTCGGTTAAACTAGTTAAT
TTTAGGCHDRCCTAAAANAW,MEME-1,HVO_RS19940,HVO_RS19940,279,298,+,2.375,1.47E-05,0.297,ATTAGTAACGCCTGAAAACT
TTTAGGCHDRCCTAAAANAW,MEME-1,HVO_RS20075,HVO_RS20075,146,165,+,-2.51042,5.44E-05,0.705,TATCAGCCTACCAAAACGCT
TTTAGGCHDRCCTAAAANAW,MEME-1,HVO_RS20140,HVO_RS20140,173,192,+,0.40625,2.53E-05,0.443,CTGAGGTTGAACAAAAACTA
TTTAGGCHDRCCTAAAANAW,MEME-1,HVO_RS20205,HVO_RS20205,261,280,-,-3.89583,7.71E-05,0.814,GTTTGGGAAGCCAGACTGAA
TTTAGGCHDRCCTAAAANAW,MEME-1,HVO_RS20205,HVO_RS20205,265,284,+,-4.38542,8.70E-05,0.814,GTCTGGCTTCCCAAACAGAA
TTTAGGCHDRCCTAAAANAW,MEME-1,HVO_RS20330,HVO_RS20330,262,281,-,-1.64583,4.36E-05,0.637,ATTCACCCCACCAAATATAA